Plot Title: 2022 LC26 A,,,,,,,
#,"Date Time, GMT-06:00","Cum. Sum: Rainfall(per day), mm (LGR S/N: 10918443)",Coupler Detached (LGR S/N: 10918443),Coupler Attached (LGR S/N: 10918443),Host Connected (LGR S/N: 10918443),Stopped (LGR S/N: 10918443),End Of File (LGR S/N: 10918443)
1,5/25/2022 0:00,4,,,,,
2,5/25/2022 11:00,,Logged,,,,
3,5/26/2022 0:00,1.2,,,,,
4,5/27/2022 0:00,1.2,,,,,
5,5/28/2022 0:00,3.2,,,,,
6,5/29/2022 0:00,0,,,,,
7,5/30/2022 0:00,0,,,,,
8,5/31/2022 0:00,0,,,,,
9,6/1/2022 0:00,0,,,,,
10,6/2/2022 0:00,0,,,,,
11,6/3/2022 0:00,0,,,,,
12,6/4/2022 0:00,0,,,,,
13,6/5/2022 0:00,0,,,,,
14,6/6/2022 0:00,0,,,,,
15,6/7/2022 0:00,0,,,,,
16,6/8/2022 0:00,0,,,,,
17,6/9/2022 0:00,0.4,,,,,
18,6/10/2022 0:00,1.8,,,,,
19,6/11/2022 0:00,1.8,,,,,
20,6/12/2022 0:00,0.2,,,,,
21,6/13/2022 0:00,6.8,,,,,
22,6/14/2022 0:00,25.6,,,,,
23,6/15/2022 0:00,14.4,,,,,
24,6/16/2022 0:00,0,,,,,
25,6/17/2022 0:00,0.4,,,,,
26,6/18/2022 0:00,2.6,,,,,
27,6/19/2022 0:00,0,,,,,
28,6/20/2022 0:00,0,,,,,
29,6/21/2022 0:00,3,,,,,
30,6/22/2022 0:00,2,,,,,
31,6/23/2022 0:00,29,,,,,
32,6/24/2022 0:00,22,,,,,
33,6/25/2022 0:00,0,,,,,
34,6/26/2022 0:00,0,,,,,
35,6/27/2022 0:00,0,,,,,
36,6/28/2022 0:00,0,,,,,
37,6/29/2022 0:00,19.8,,,,,
38,6/30/2022 0:00,0,,,,,
39,7/1/2022 0:00,1,,,,,
40,7/2/2022 0:00,5.4,,,,,
41,7/3/2022 0:00,0.2,,,,,
42,7/4/2022 0:00,0,,,,,
43,7/5/2022 0:00,3.8,,,,,
44,7/6/2022 0:00,0,,,,,
45,7/7/2022 0:00,0.4,,,,,
46,7/8/2022 0:00,0,,,,,
47,7/9/2022 0:00,5.8,,,,,
48,7/10/2022 0:00,0,,,,,
49,7/11/2022 0:00,0,,,,,
50,7/12/2022 0:00,0,,,,,
51,7/13/2022 0:00,0,,,,,
52,7/14/2022 0:00,0,,,,,
53,7/15/2022 0:00,0,,,,,
54,7/16/2022 0:00,0.2,,,,,
55,7/17/2022 0:00,4.4,,,,,
56,7/18/2022 0:00,0,,,,,
57,7/19/2022 0:00,2.6,,,,,
58,7/20/2022 0:00,0.2,,,,,
59,7/21/2022 0:00,0,,,,,
60,7/22/2022 0:00,0,,,,,
61,7/23/2022 0:00,0,,,,,
62,7/24/2022 0:00,0,,,,,
63,7/25/2022 0:00,1.6,,,,,
64,7/26/2022 0:00,0,,,,,
65,7/27/2022 0:00,0,,,,,
66,7/28/2022 0:00,0,,,,,
67,7/29/2022 0:00,10.4,,,,,
68,7/30/2022 0:00,15.6,,,,,
69,7/31/2022 0:00,4.4,,,,,
70,8/1/2022 0:00,21,,,,,
71,8/2/2022 0:00,2.8,,,,,
72,8/3/2022 0:00,0.8,,,,,
73,8/4/2022 0:00,3.4,,,,,
74,8/5/2022 0:00,3.8,,,,,
75,8/6/2022 0:00,0,,,,,
76,8/7/2022 0:00,0,,,,,
77,8/8/2022 0:00,0,,,,,
78,8/9/2022 0:00,0,,,,,
79,8/10/2022 0:00,0,,,,,
80,8/11/2022 0:00,0,,,,,
81,8/12/2022 0:00,0,,,,,
82,8/13/2022 0:00,0,,,,,
83,8/14/2022 0:00,7.2,,,,,
84,8/15/2022 0:00,0,,,,,
85,8/16/2022 0:00,0,,,,,
86,8/17/2022 0:00,0,,,,,
87,8/18/2022 0:00,0,,,,,
88,8/19/2022 0:00,0,,,,,
89,8/20/2022 0:00,0,,,,,
90,8/21/2022 0:00,0,,,,,
91,8/22/2022 0:00,0,,,,,
92,8/23/2022 0:00,0,,,,,
93,8/24/2022 0:00,0,,,,,
94,8/25/2022 0:00,0,,,,,
95,8/26/2022 0:00,0,,,,,
96,8/27/2022 0:00,0.6,,,,,
97,8/28/2022 0:00,1.8,,,,,
98,8/29/2022 0:00,0,,,,,
99,8/30/2022 0:00,0,,,,,
100,8/31/2022 0:00,0,,,,,
101,9/1/2022 0:00,0,,,,,
102,9/2/2022 0:00,0,,,,,
103,9/3/2022 0:00,0,,,,,
104,9/4/2022 0:00,0,,,,,
105,9/5/2022 0:00,0,,,,,
106,9/6/2022 0:00,0,,,,,
107,9/7/2022 0:00,0,,,,,
108,9/8/2022 0:00,0,,,,,
109,9/9/2022 0:00,0,,,,,
110,9/10/2022 0:00,0,,,,,
111,9/11/2022 0:00,0,,,,,
112,9/12/2022 0:00,0,,,,,
113,9/13/2022 0:00,0,,,,,
114,9/14/2022 0:00,0,,,,,
115,9/15/2022 0:00,0,,,,,
116,9/16/2022 0:00,0,,,,,
117,9/17/2022 0:00,0,,,,,
118,9/18/2022 0:00,0,,,,,
119,9/19/2022 0:00,0.4,,,,,
120,9/20/2022 0:00,0,,,,,
121,9/21/2022 0:00,0,,,,,
122,9/22/2022 0:00,0,,,,,
123,9/23/2022 0:00,0,,,,,
124,9/24/2022 0:00,0,,,,,
125,9/25/2022 0:00,0,,,,,
126,9/26/2022 0:00,0,,,,,
127,9/27/2022 0:00,0.8,,,,,
128,9/28/2022 0:00,0,,,,,
129,9/29/2022 0:00,0,,,,,
130,9/30/2022 0:00,0,,,,,
131,10/1/2022 0:00,0,,,,,
132,10/2/2022 0:00,0,,,,,
133,10/3/2022 0:00,0,,,,,
134,10/4/2022 0:00,0,,,,,
135,10/5/2022 0:00,0,,,,,
136,10/6/2022 0:00,0,,,,,
137,10/7/2022 0:00,0,,,,,
138,10/8/2022 0:00,0,,,,,
,,238,,,,,
139,10/9/2022 0:00,0,,,,,
140,10/10/2022 0:00,0.2,,,,,
141,10/11/2022 0:00,0,,,,,
142,10/12/2022 0:00,0.6,,,,,
143,10/12/2022 14:28,,,Logged,,,
144,10/12/2022 14:30,,Logged,,,,
145,10/12/2022 14:30,,,Logged,,,
146,10/12/2022 14:33,,Logged,,,,
147,10/12/2022 14:33,,,Logged,,,
148,10/12/2022 14:43,,Logged,,,,
149,10/12/2022 14:44,,,Logged,,,
150,10/12/2022 16:05,,Logged,,,,
151,10/12/2022 16:06,,,Logged,,,
152,10/12/2022 16:24,,Logged,,,,
153,10/12/2022 16:25,,,Logged,,,
154,10/12/2022 16:25,,,,Logged,,
155,10/12/2022 16:26,,,,,Logged,Logged
