,HC Air temperature [°C],,,Dew Point [°C],,Solar radiation [W/m2],VPD [kPa],,HC Relative humidity [%],,,Precipitation [mm],Leaf Wetness [min],U-sonic wind speed [m/s],,Wind gust [m/s],U-sonic wind dir [deg],Soil Moisture 1 [%],Soil Moisture 2 [%],Soil Moisture 3 [%],Soil Moisture 4 [%],Soil Moisture 5 [%],Soil Moisture 6 [%],Soil temperature 1 [°C],,,Soil temperature 2 [°C],,,Soil temperature 3 [°C],,,Soil temperature 4 [°C],,,Soil temperature 5 [°C],,,Soil temperature 6 [°C],,,Solar Panel [mV],Battery [mV],DeltaT [°C],,,Sunshine duration [min],
Date/Time,avg,max,min,avg,min,avg,avg,min,avg,max,min,sum,time,avg,max,max,last,avg,avg,avg,avg,avg,avg,avg,max,min,avg,max,min,avg,max,min,avg,max,min,avg,max,min,avg,max,min,last,last,avg,max,min,time,ET0 [mm]
8/31/2023 0:00,17.98,24.9,11.7,15.9,11.6,146,0.28,0,89.38,100,66.99,0,0,3.9,6.2,9.2,245,22.34,23.7,30.56,32.87,31.69,30.41,20.6,25.1,17.8,19.8,21.2,18.6,19.6,20.5,19,19,19.4,18.7,18.6,18.8,18.5,18.3,18.3,18.1,0,6562,1,4,0,550,
8/30/2023 0:00,19.6,28.03,11.1,14.5,11,163,0.7,0,75.73,100,45.99,0,0,1.9,4.3,8,234,22.72,23.83,30.62,32.88,31.67,30.35,21.3,26.5,17.4,20.2,21.8,18.6,19.8,20.6,19,18.9,19.3,18.6,18.4,18.6,18.2,18,18.1,17.7,0,6559,3,8,0,520,3.2
8/29/2023 0:00,20.07,31.84,8.67,13.1,8.6,223,1.09,0,72.12,99.98,28.41,0,0,2,4.2,6.8,220,23.25,23.87,30.55,32.75,31.54,30.22,21.3,28.4,15.8,19.7,22.5,17.3,19.2,20.6,18,18.2,19.1,0,17.8,18.2,0,17.4,17.7,0,0,6545,4,13,0,600,4.7
8/28/2023 0:00,19.58,29.69,9.84,13.8,9.8,227,0.87,0,75.85,100,36.49,0,0,2.7,4.3,6.3,242,23.75,23.86,30.45,32.62,31.44,30.11,20.2,26.5,15.1,18.7,21.3,16.5,18.3,19.8,17.3,17.6,18.4,17.1,17.3,17.6,17.1,17.1,17.2,17,0,6420,4,10,0,620,4.6
8/27/2023 0:00,17.01,24.93,10.75,14.6,10.7,145,0.31,0,88.14,100,56.25,0,0,2.9,4.8,5.7,228,23.94,23.88,30.43,32.59,31.39,30.02,18.9,23.7,15.1,18,19.8,16.5,17.9,18.8,17.1,17.3,17.7,0,17,17.2,0,16.8,17,0,0,6565,1,6,0,645,2.9
8/26/2023 0:00,16.73,26.44,6,12,5.9,243,0.64,0,78.56,100,40.29,0,0,2.3,3.8,6.4,238,24.61,23.92,30.36,32.49,31.29,29.86,18.7,25.1,13.1,17.4,20.1,15.1,17.2,18.7,16.1,16.7,17.5,16.3,16.6,16.9,16.4,16.6,16.6,16.5,0,6571,3,9,0,640,4.1
8/25/2023 0:00,14.37,21.86,6.14,11.4,6.1,215,0.34,0,85.21,100,53.16,0.2,185,2.4,4.8,6.4,213,25.23,23.96,30.34,32.44,31.2,29.65,17.4,23.5,13,16.5,19,14.6,16.5,17.9,15.6,16.3,17,15.9,16.4,16.6,16.1,16.5,16.6,16.4,0,6565,2,6,0,580,3.1
8/24/2023 0:00,13.05,18.87,8.26,12.2,8.2,109,0.08,0,95.77,100,74.2,1.4,825,3.8,6.1,9.3,246,25.94,24.3,30.47,32.49,30.92,29.29,16.2,19.3,0,16.2,17.5,0,16.7,17.8,0,16.6,17.3,0,16.7,17.1,0,16.8,17,0,0,6573,0,3,0,535,1.7
8/23/2023 0:00,15.13,18.86,11.37,14,11.3,98,0.12,0,94.03,100,76.56,22.6,70,1.9,7.5,11.4,207,23.33,23.7,30.12,32.13,30.5,29.2,18,21,0,17.4,18.5,0,17.4,17.9,0,16.9,17.3,0,16.8,17,0,16.8,17,0,0,6568,1,3,0,460,1.6
8/22/2023 0:00,15.95,18.51,14.16,14.9,14.1,65,0.11,0,94.44,100,78.78,0,0,1.2,2.7,3.4,239,22.94,23.42,29.97,31.93,30.33,29.04,18.1,20.6,16.6,17.3,18.2,16.6,17.2,17.8,17,16.8,17.1,16.7,16.8,16.9,16.6,16.8,16.8,16.7,0,6531,1,2,0,340,1.3
8/21/2023 0:00,13.55,19.54,6.05,11.3,6,140,0.24,0,87.73,100,66.61,0,0,1.9,3.5,6.5,198,23.1,23.43,29.91,31.86,30.26,29.02,16.8,20.8,13.4,16.5,17.6,15,16.7,17.5,16,16.5,16.8,16.2,16.6,16.8,16.5,16.7,16.8,16.6,0,6562,1,4,0,535,2.1
8/20/2023 0:00,11.3,20.29,0.63,6.3,0.6,244,0.47,0,76.53,100,38.13,0,0,2.4,4.6,6,215,23.79,23.46,29.84,31.76,30.24,29.05,15.9,23.1,0,15.5,18.5,0,16,17.5,0,16.2,17,0,16.6,17.1,0,16.9,17.4,0,0,6573,3,8,0,640,3.5
8/19/2023 0:00,10.79,15.02,4.98,7.8,4.8,170,0.24,0,84.41,100,52,2.6,560,5.1,6.7,10.1,218,24.93,23.68,29.8,31.74,30.25,29.04,15.2,18.1,12.6,15.9,16.8,14.9,16.9,18,16.3,17.2,18.3,16.8,17.6,18.4,17.1,17.9,18.4,17.4,0,6576,2,5,0,645,2.6
8/18/2023 0:00,12.61,20.15,8.77,12,8.7,18,0.05,0,97.16,100,59.1,9,340,4.8,7.4,11.8,261,22.23,23.46,30.25,32.33,30.78,29.48,17.5,22.3,14.5,18.8,22,16.9,19.4,21,18.1,19.1,19.8,18.3,18.9,19.1,18.4,18.6,18.8,18.4,0,6479,0,5,0,15,1.7
8/17/2023 0:00,20.81,29.91,11.88,14.3,10,228,0.93,0.08,69.05,96.47,39.73,0,0,2.6,4.7,6.4,309,22.32,23.48,30.24,32.25,30.72,29.48,21.1,27.2,16.4,19.6,22.5,17.6,19.3,21,18.4,18.8,19.6,18.4,18.6,18.8,18.4,18.5,18.6,18.3,0,6556,4,10,0,710,4.7
8/16/2023 0:00,16.67,22.85,10.61,11.2,7.2,270,0.6,0,75.17,100,37.6,0.2,85,4.9,8,11.8,211,23.68,23.5,30.29,32.33,30.78,29.51,19.5,23.4,16,19.5,21.2,18,19.7,21.1,18.9,19.3,20.1,18.8,19.1,19.4,18.7,18.8,18.9,18.6,0,6556,3,8,0,655,4.9
8/15/2023 0:00,19.31,27.76,12.07,15,12,188,0.61,0,80.39,100,44.95,6.2,165,3.8,7.6,10.1,246,21.67,23.63,30.42,32.37,30.77,29.47,22,27.1,18.6,21,22.6,19.5,20.6,21.3,19.8,19.7,20.1,19.3,19.1,19.3,18.8,18.6,18.8,18.3,0,6565,3,8,0,500,4.3
8/14/2023 0:00,21.05,28.31,13.72,14.3,12.1,257,0.96,0,69.88,100,39.43,0,0,3.5,5.1,7.9,238,21.87,23.6,30.29,32.15,30.59,29.36,22.2,28.6,17.2,20.4,23.1,18.2,19.7,21.3,18.7,18.8,19.8,18.4,18.3,18.8,18,18,18.3,17.7,0,6556,4,9,0,695,5.2
8/13/2023 0:00,18.1,26.68,9.55,12.5,9.5,273,0.76,0,74.9,100,42.79,0,0,4.1,6,9,216,22.32,23.5,30.08,31.89,30.44,29.27,19.8,26.5,14.5,18.5,21.4,16.3,18.3,20,17.3,17.8,18.6,17.4,17.7,18,17.5,17.7,17.8,17.6,0,6562,3,8,0,665,5.1
8/12/2023 0:00,15.92,22.23,10.96,12.2,10.3,225,0.42,0,81.62,100,49.8,0.2,0,4.6,8.2,12.1,237,23.14,23.52,30.05,31.8,30.4,29.29,18.5,22.1,15.4,17.9,19.3,16.7,18.1,18.8,17.5,17.8,18.1,17.5,17.8,18,17.6,17.8,18,17.6,0,6571,2,6,0,615,3.9
8/11/2023 0:00,15.22,20.25,12.65,13.6,12.3,135,0.16,0,91.49,100,69.03,0.2,0,4.7,7.6,10.7,233,23.82,23.61,30.07,31.73,30.43,29.33,18.1,21.5,16.2,18,18.9,17.1,18.3,19,17.8,18.1,18.5,17.8,18.1,18.3,17.9,18.1,18.2,17.9,0,6562,1,4,0,570,2.3
8/10/2023 0:00,15.65,22.15,10.41,13.2,10.3,230,0.29,0,87.73,100,52.7,9.2,650,5.2,8.8,13.1,255,24.78,24.17,29.9,31.53,30.42,29.33,18.4,22,15.7,18.1,19.6,16.9,18.5,19.3,17.8,18.3,19,18,18.4,18.8,18.1,18.4,18.8,18.2,0,6559,1,6,0,640,3.8
8/9/2023 0:00,14.5,20.86,11.72,12.9,11.7,141,0.17,0,91.92,100,63.17,37.4,790,2.8,5.4,8.9,190,19.29,21.56,28.4,31.43,30.58,29.46,18.8,22.3,16.8,19.2,21.3,18.1,19.6,21.1,18.9,19.4,20.2,18.9,19.3,19.6,18.8,19.1,19.3,18.8,0,6556,1,4,0,485,2.5
8/8/2023 0:00,14.54,21.46,6.63,9.6,6.6,197,0.52,0,76.85,100,44.39,1,0,2.2,5.7,7.3,196,14.02,20.48,28.53,31.57,30.73,29.59,21.3,26.5,16.8,20.8,22.6,19,20.7,22,19.8,20,20.7,0,19.6,20,0,19.2,19.5,0,0,6553,3,7,0,635,3.3
8/7/2023 0:00,15.94,25.7,5.93,11.4,5.9,216,0.57,0,78.22,99.96,44.28,0,0,2,4,6.7,220,14.41,20.54,28.56,31.58,30.74,29.59,22.3,28.7,16.6,21.2,23.6,18.8,20.9,22,19.7,20.2,20.7,19.6,19.7,20,19.5,19.4,19.5,19.3,0,6553,3,8,0,655,3.6
8/6/2023 0:00,16.18,25.58,6.91,11.1,6.8,219,0.64,0,77.15,99.99,39.23,0,0,2.6,4.3,6.9,231,14.66,20.54,28.57,31.61,30.77,29.63,22,28.5,16.6,21.2,23.5,18.9,21,22.2,19.8,20.1,21,0,19.7,20.2,0,19.3,19.7,0,0,6562,3,9,0,670,4.2
8/5/2023 0:00,16.82,24.11,9.49,12.2,9.4,263,0.55,0,78.54,100,41.1,4,450,3.4,5.2,7.2,229,14.56,20.63,28.66,31.68,30.81,29.63,22.5,28.4,17.2,21.8,23.7,19.6,21.5,22.8,20.4,20.6,21.3,0,20.1,20.5,0,19.6,19.8,0,0,6571,3,8,0,660,4.5
8/4/2023 0:00,16.73,25.03,8.45,10.3,8.4,288,0.74,0,71.59,100,37.69,0,0,3.8,5.8,9.9,222,13.98,20.68,28.68,31.69,30.82,29.66,23.3,30.9,17.6,22.1,24.7,19.8,21.6,22.9,20.5,20.6,21.4,0,20,20.5,0,19.5,19.8,0,0,6556,4,9,0,710,5
8/3/2023 0:00,19.11,24.39,13.27,14.3,11.5,241,0.61,0,75.49,100,54.32,0,0,2.7,5.6,8.6,241,14.31,20.79,28.78,31.76,30.84,29.64,24.2,29.1,19.9,22.9,24.7,21,22.2,23.4,21.3,21,21.5,0,20.2,20.5,0,19.5,19.7,0,0,6562,3,6,0,675,4
8/2/2023 0:00,18.8,26.42,9.88,11.6,9.3,270,0.91,0,69.21,100,35.33,0,0,2.5,4.2,6.7,42,14.92,20.77,28.68,31.63,30.74,29.55,24.8,33.2,18.8,22.5,25.8,20,21.6,23.4,20.4,20.5,21.3,20,19.8,20.1,19.6,19.2,19.3,19.1,0,6565,4,10,0,635,4.9
8/1/2023 0:00,17.27,26.59,8.15,11.7,8.1,245,0.72,0,75.97,100,34.13,1.4,0,2.8,4.8,7.4,225,15.15,20.71,28.62,31.6,30.7,29.52,23.3,30.2,18.2,21.9,24.4,19.6,21.4,22.7,20.1,20.3,20.9,0,19.5,19.9,0,19,19.1,0,0,6573,3,10,0,555,4.8
7/31/2023 0:00,20.46,28.03,11.9,14,10.1,284,0.89,0,71.89,100,34.78,0.2,0,2.7,4.7,7.1,245,15.54,20.74,28.57,31.5,30.59,29.41,24.4,31.3,18.7,22.2,25,19.8,21.1,22.8,20,19.7,20.8,0,19,19.5,0,18.4,18.8,0,0,6559,4,10,0,705,5.3
7/30/2023 0:00,19.18,28.76,8.94,12,8.9,290,0.99,0,68.85,100,37.66,0,0,3,8,11.6,239,16.07,20.56,28.33,31.3,30.44,29.31,22.6,30.5,16.3,20.6,23.8,18,19.9,21.6,18.6,19,19.8,18.5,18.5,18.8,18.3,18.1,18.2,18,0,6571,4,10,0,635,5.6
7/29/2023 0:00,14.97,22.87,6.06,10.9,6,262,0.47,0,79.91,99.98,48.42,0,0,2.6,4,6,223,16.61,20.41,28.16,31.16,30.37,29.29,20.8,28.6,15.2,19.3,22.3,17,18.9,20.6,17.8,18.4,19.1,17.9,18.2,18.4,17.9,18,18.1,17.8,0,6568,2,7,0,690,3.9
7/28/2023 0:00,13.89,19.08,8.7,10.7,7.1,172,0.32,0,83.51,99.99,46.67,0.2,0,2.4,4.2,6.3,227,16.93,20.37,28.15,31.2,30.42,29.35,19.6,23.4,16.2,18.9,20.3,17.5,18.9,19.5,18.2,18.5,18.9,18.2,18.4,18.6,18.1,18.2,18.4,18.1,0,6579,2,6,0,645,3
7/27/2023 0:00,12.74,15.9,9.54,11.2,9.5,151,0.13,0,91.67,100,68.64,0.6,0,3.1,5.4,8.1,243,17.17,20.36,28.18,31.29,30.52,29.44,18.9,22.5,16,18.8,20,17.7,19.1,20.3,18.5,19,19.8,18.5,18.9,19.4,18.5,18.7,19.1,18.4,0,6559,1,3,0,610,2.1
7/26/2023 0:00,14.45,18.47,9.01,11.5,8.8,173,0.29,0,83.93,100,55.08,0.6,0,5.3,9.8,13.4,249,17.55,20.53,28.47,31.55,30.74,29.58,20.2,22.6,17.5,20.5,22.6,19.4,20.8,22.3,20.1,20.2,21,0,19.7,20.1,0,19.3,19.5,0,0,6565,2,5,0,620,2.8
7/25/2023 0:00,20.79,25.25,14.62,15.4,8.5,265,0.65,0,74.4,100,39.57,0,0,4.5,9.9,14.5,240,18.68,20.77,28.68,31.69,30.78,29.56,23.9,27.9,21.5,22.6,24,21.5,21.9,22.8,21.3,20.7,21.1,0,19.9,20.1,0,19.2,19.4,0,0,6568,3,8,0,630,5.1
7/24/2023 0:00,22.16,30.62,14.92,18.3,14.9,273,0.65,0,81.48,100,50.92,6.2,115,3,7.5,11.5,98,18.85,20.77,28.66,31.63,30.67,29.43,24.6,30.6,20.3,22.7,24.9,20.8,21.8,22.9,20.9,20.4,21.1,0,19.6,19.9,0,18.9,19.1,0,0,6562,3,8,0,600,5.2
7/23/2023 0:00,19.86,27.19,12.39,16.4,12.3,261,0.52,0,83.64,100,49.52,1,0,1.9,6,9.5,254,17.29,20.72,28.6,31.53,30.55,29.33,24.6,32,19.5,22.5,25.1,20.2,21.5,22.8,20.4,20,20.8,0,19.2,19.6,0,18.5,18.7,0,0,6568,2,7,0,675,4.4
7/22/2023 0:00,20.17,27.36,11.97,15.9,11.9,247,0.62,0,80.33,100,47.05,0.8,135,2,4,6.1,226,17.99,20.68,28.47,31.38,30.4,29.2,24.2,31.1,19.1,21.8,24.6,19.6,20.7,22.3,19.7,19.2,20.3,0,18.4,19,0,17.8,18.2,0,0,6568,3,8,0,670,4.3
7/21/2023 0:00,19.52,27.24,11.37,14.8,11.3,271,0.69,0,78.53,100,42.19,0,0,2.2,4,5,236,18.88,20.59,28.23,31.16,30.26,29.11,22.8,30.1,16.8,20.4,23.6,17.8,19.4,21.3,18.3,18.3,19.4,0,17.7,18.2,0,17.3,17.6,0,0,6565,3,9,0,710,4.8
7/20/2023 0:00,18.21,25.72,9.3,14.3,9.2,225,0.54,0,81.34,100,45.64,0.2,0,3,5,7.4,236,20.03,20.56,28.07,31.03,30.2,29.08,20.7,26.8,16.1,19,21.3,17.2,18.5,19.7,17.7,17.7,18.3,0,17.3,17.6,0,17,17.2,0,0,6568,2,8,0,700,4.2
7/19/2023 0:00,17.67,23.37,11.9,14.7,11.8,218,0.38,0,84.95,100,55.02,0,640,3.5,4.9,6.7,223,21.42,20.77,27.96,30.95,30.14,29.04,19.7,24.7,16.6,18.2,20.3,16.9,17.9,19.1,17.3,17.3,17.9,0,17.2,17.5,0,17,17.3,0,0,6565,2,6,0,660,3.8
7/18/2023 0:00,14.88,17.07,13.51,14.7,13.4,81,0.01,0,99.47,100,92.93,13.8,1245,4,6.9,10.7,255,16.98,20.4,28.08,31.07,30.24,29.11,18.5,20,17.6,18.4,19.7,18,18.5,19.4,18.1,18,18.4,17.7,17.7,17.8,17.5,17.4,17.5,17.3,0,6568,0,1,0,400,1.1
7/17/2023 0:00,18.56,26.06,14.16,12.5,10.8,194,0.73,0,70.25,100,44.31,2.6,210,4,7.2,11.2,240,11.59,19.07,28.14,31.12,30.31,29.19,20.9,25.5,18.1,19.5,20.6,18.3,19,19.6,18.5,18.2,18.4,18,17.6,17.8,17.5,17.3,17.3,17.1,0,6553,4,8,0,595,4.4
7/16/2023 0:00,16.28,22.91,7.84,12.3,7.8,209,0.47,0,80.42,100,52.95,0,0,2.4,4,6.9,234,11.85,19.06,28.07,31.09,30.3,29.21,20.9,27.1,16.5,18.9,21.1,17.4,18.5,19.6,17.8,17.7,18.2,17.4,17.3,17.5,17.2,17.1,17.1,17,0,6573,2,6,0,720,3.6
7/15/2023 0:00,15.32,23.02,7.85,11.1,7.8,202,0.49,0,79.96,100,45.88,0,0,3.1,5.4,6.6,227,12.05,19.02,28.03,31.1,30.34,29.27,19.7,25.9,15.3,18.3,20.3,16.8,18.1,19,17.4,17.6,18,17.2,17.3,17.5,17.1,17.1,17.2,17,0,6573,2,7,0,670,3.8
7/14/2023 0:00,16.09,21.69,9.68,10.8,5.6,215,0.55,0,75.34,100,36.16,0,0,4.5,6.4,9.8,231,12.37,19.1,28.13,31.24,30.45,29.37,20,25.3,16.8,18.6,20.1,17.5,18.4,19.1,17.8,17.7,18.1,0,17.4,17.6,0,17.1,17.3,0,0,6573,3,8,0,665,4.4
7/13/2023 0:00,17.26,23.74,10.45,13.4,10,204,0.46,0,81.51,100,42.29,0,0,4.2,6.4,9.3,246,12.68,19.24,28.25,31.37,30.55,29.48,20,25.5,16.1,18.6,20.3,17.3,18.4,19.1,17.8,17.8,18.1,17.6,17.5,17.7,17.4,17.3,17.4,17.2,0,6573,2,8,0,675,4.3
7/12/2023 0:00,14.13,24.07,4.75,11.5,4.7,178,0.3,0,87.31,100,45.93,1.6,0,3,4.4,6,244,12.63,19.39,28.4,31.53,30.65,29.56,19.4,25.9,15.3,18.8,20.6,17.3,18.7,19.8,18,18,18.6,0,17.7,18,0,17.4,17.5,0,0,6576,1,7,0,635,3.7
7/11/2023 0:00,15.89,20.82,7.83,8.8,4.1,227,0.68,0.01,64.56,98.7,33.5,0,0,1.6,3.4,5.2,236,13.24,19.67,28.6,31.68,30.76,29.66,21.2,28.6,17.4,19.2,21.5,18,18.8,19.8,18.2,18.2,18.6,17.9,17.8,18.1,17.6,17.5,17.6,17.4,0,6573,4,9,0,680,3.6
7/10/2023 0:00,16.61,19.99,12.43,12.6,8.7,109,0.43,0,79.23,100,55.54,0.4,0,1.2,3.6,5.8,222,13.47,19.87,28.88,31.92,30.9,29.74,20.5,23.3,19,20,22.5,19.3,19.8,20.9,19.3,18.8,19.2,0,18.1,18.3,0,17.5,17.7,0,0,6562,2,5,0,475,2.2
7/9/2023 0:00,21.2,29.8,12.24,15.3,12.2,289,0.93,0,74.23,100,36.21,0,0,2.9,4.7,6.2,238,14.65,20.3,29.02,31.92,30.86,29.7,23.3,31.1,17.9,20.5,23.2,18.5,19.5,20.9,18.6,18.3,19,0,17.6,18,0,17.1,17.3,0,0,6562,4,10,0,715,5.8
7/8/2023 0:00,17.6,27.28,5.72,11.1,5.7,307,0.86,0,71.56,100,34.67,0,0,3.1,4.3,8,238,16.15,20.7,29.08,31.93,30.86,29.7,21.5,29.8,15.5,19.3,22.1,17.1,18.7,20,17.6,17.8,18.3,17.4,17.3,17.5,17.1,16.9,17,16.7,0,6573,4,10,0,685,5.6
7/7/2023 0:00,17.16,23.72,7.7,10.3,4.8,310,0.76,0,70.5,100,30.3,0,0,2.3,4.3,6.4,236,17.81,21.11,29.2,31.96,30.85,29.69,21.3,28.8,16,19.2,21.5,17.2,18.4,19.6,17.6,17.5,18.1,17.2,17,17.2,16.8,16.6,16.7,16.3,0,6573,4,10,0,720,5
7/6/2023 0:00,17.74,24.93,8.99,12.4,8.7,295,0.66,0,75.32,100,37.3,0,0,2.6,4.1,5.9,230,19.41,21.32,29.2,31.9,30.79,29.63,20.6,28.3,15.6,18.4,21,16.5,17.7,19,16.9,16.9,17.6,16.6,16.5,16.8,16.2,16.2,16.3,16,0,6573,3,9,0,690,4.9
7/5/2023 0:00,15.87,23.99,4.67,10.2,4.6,298,0.66,0,73.8,100,39.71,0,0,2.6,4.3,6.3,219,21.23,21.42,29.14,31.83,30.76,29.62,18.4,24.5,13.3,16.9,19.4,15,16.6,18,15.8,16.1,16.8,15.8,16,16.2,15.8,16,16.1,15.9,0,6568,3,8,0,685,4.7
7/4/2023 0:00,13.74,20.01,6.32,10,6.3,244,0.37,0,80.73,99.99,43.35,0,0,3.6,6.1,8.8,218,22.83,21.45,29.12,31.84,30.78,29.65,16.8,22.1,13,15.7,18,14.3,15.9,17.1,15.3,15.8,16.3,15.5,16,16.4,15.8,16.2,16.6,16,0,6428,2,7,0,690,3.8
7/3/2023 0:00,12.01,14.34,10.27,10.8,9.7,62,0.09,0,92.88,100,84.12,1.6,0,6.6,9,14.7,263,22.87,21.43,29.26,32.06,31.01,29.87,14.9,16,14.3,15.6,16.4,15.3,16.5,17.4,16.1,16.7,17.6,16.2,16.9,17.6,16.4,17,17.6,16.6,0,6556,1,1,0,270,1.1
7/2/2023 0:00,12.04,14.57,11.03,10.2,7.1,149,0.15,0,89.44,100,67.12,1,580,7.1,11.1,15.3,257,23.59,21.65,29.69,32.46,31.3,30.05,16.6,19.2,14.9,17.9,20.3,16.4,18.7,20.5,17.5,18.5,19.6,17.6,18.3,18.8,17.6,18,18.2,17.6,0,6573,1,3,0,455,2.2
7/1/2023 0:00,19.41,28.76,13.54,16.1,13.5,276,0.46,0,83.56,100,44.86,9.6,165,3.1,8.8,12.4,266,19.59,22.13,30.11,32.7,31.43,30.11,22.5,28,19.2,21.2,23,20.2,20.6,21.6,20.1,19.5,19.8,19.3,18.8,18.9,18.6,18.1,18.2,17.8,0,6559,2,8,0,555,5
6/30/2023 0:00,21.4,28.63,16.47,16.7,12.4,252,0.68,0,77.34,100,40.49,1.6,0,1.7,4.5,5.8,221,19.86,22.62,30.26,32.69,31.4,30.08,23.9,30.2,20,21.5,23.8,20,20.5,21.6,19.8,19.2,19.8,18.9,18.3,18.6,18.1,17.7,17.8,17.4,0,6571,3,9,0,630,4.6
6/29/2023 0:00,21.37,28.27,12.93,12.4,9,309,1.18,0.21,59.34,88.15,30.82,0,0,2.6,4.1,5.9,232,21.61,23,30.27,32.61,31.35,30.04,22.6,29.1,17.6,20.5,22.9,18.6,19.7,20.9,18.8,18.6,19.1,18.2,17.8,18.1,17.6,17.2,17.3,17,0,6559,5,11,1,725,6.1
6/28/2023 0:00,18.86,26.01,9.46,12.5,8.3,323,0.81,0,71.72,99.99,34.44,0,40,1.7,3.7,4.7,207,23.93,23.34,30.28,32.54,31.28,29.96,22.1,29,16.7,19.8,22.6,17.7,19,20.5,18.1,17.9,18.6,0,17.3,17.6,0,16.8,17,0,0,6568,4,10,0,690,5.1
6/27/2023 0:00,18.66,24.59,10.7,14.8,10.6,266,0.5,0,80.7,100,52.81,0,0,2.6,4,6.7,224,21,19.63,25.54,27.48,26.38,25.23,21.3,26.9,17,19.5,21.2,17.8,18.7,19.6,18,17.5,18.1,0,16.9,17.3,0,16.3,16.6,0,0,6568,2,6,0,745,4.3
6/26/2023 0:00,17.24,25.19,8.07,12.8,8,301,0.58,0,78.49,99.99,47.6,0,570,2.7,4.4,6,220,0,0,0,0,0,0,20,27.5,14.4,18,21.2,15.7,17.5,19.3,16.5,16.7,17.6,0,16.4,16.7,0,16.1,16.3,0,0,6562,3,7,0,675,4.8
6/25/2023 0:00,17.12,26.76,10.02,12.5,6.8,170,0.55,0,77.01,100,36.38,9.8,225,2.9,8.7,9.4,236,0,0,0,0,0,0,19.2,24.3,16.1,18.5,20.3,17.1,18.1,18.9,17.4,17.1,17.3,16.8,16.5,16.6,16.1,16,16.1,15.6,0,6522,3,9,0,480,4
6/24/2023 0:00,19.75,28.42,8.99,10,5.1,303,1.22,0,59.57,100,22.73,0,0,2.5,4.8,7.3,240,6.37,6.66,9.7,10.7,10.15,9.54,20.3,28.2,14.5,17.9,21.1,15.6,17.1,18.9,16,16.1,17.1,15.8,15.7,16.1,15.5,15.4,15.6,15.2,0,6425,6,13,0,680,5.9
6/23/2023 0:00,16.11,24.33,8.15,9.8,6.2,204,0.67,0,69.12,100,40.68,0,0,2.3,5.7,7.6,187,23.54,23.54,30.02,32.16,30.95,29.61,18,23.6,14,16.6,18.8,15.1,16.2,17.4,15.5,15.6,16.1,15.3,15.3,15.5,15.1,15.1,15.2,15,0,6573,4,8,0,585,3.9
6/22/2023 0:00,15.32,22.5,5.18,6.3,2.7,303,0.86,0,60.95,100,28.42,0,0,3.3,6.1,8.3,221,24.34,23.62,29.96,32.06,30.86,29.47,17,24.2,11.8,15.6,18.3,13.5,15.4,16.9,14.5,15,15.7,14.6,14.9,15.1,14.8,14.9,15,14.8,0,6571,5,10,0,710,5.2
6/21/2023 0:00,11.87,17.41,7.67,7.6,4,211,0.36,0,78.35,100,43.13,3.6,0,4.6,7.5,9.4,222,24.89,23.64,29.94,32.03,30.73,29.34,15.3,20,0,14.7,16.2,0,14.9,15.8,0,14.9,15.4,0,15,15.4,0,15.1,15.5,0,0,6585,2,6,0,675,3.5
6/20/2023 0:00,10.88,13.79,8.89,10.1,8.8,85,0.05,0,95.71,100,81.02,1.2,0,4.9,7.2,9.5,268,24.42,23.62,29.98,32.09,30.74,29.4,15,17.3,14,15.3,16.5,14.8,15.7,16.6,15.4,15.7,16.1,15.4,15.7,15.9,15.4,15.7,15.8,15.5,0,6573,0,2,0,385,1.2
6/19/2023 0:00,12.53,17.74,7.88,9.3,6,213,0.28,0,82.88,100,46.26,5.2,710,3.8,6.2,9.2,223,25.17,24.01,29.9,31.76,30.4,29.25,16.4,21.1,13.3,15.8,17.2,14.6,16,16.6,15.5,15.9,16.3,15.6,15.9,16.3,15.7,16,16.3,15.8,0,6579,2,6,0,575,3.4
6/18/2023 0:00,12.4,16.04,10.67,11.4,8.8,22,0.08,0,94.09,100,83.11,24.2,735,2.5,5.2,7.3,355,23.53,23.12,29.26,31.7,30.62,29.46,15.9,18.5,15.2,16.6,19,15.8,17.1,18.5,16.3,16.9,17.5,16.3,16.7,17,16.3,16.5,16.6,16.3,0,6499,0,2,0,25,0.8
6/17/2023 0:00,15.79,21.42,7.02,7.4,3.8,296,0.79,0,61.59,99.95,33.77,0,0,4.2,7.2,10.2,277,20.53,22.39,29.11,31.7,30.71,29.6,19,25.6,13.6,17.6,19.9,15.5,17.3,18.5,16.5,16.8,17.3,16.5,16.7,16.9,16.5,16.6,16.7,16.5,0,6571,4,9,0,730,4.9
6/16/2023 0:00,16.49,24.88,7.13,8.5,4.2,275,0.87,0,65.21,100,27.52,0,0,3.9,7.5,10,258,22.42,22.55,28.97,31.7,30.76,29.68,17.1,22.8,0,16.4,18.8,0,16.7,18,0,16.7,17.5,0,16.9,17.6,0,16.9,17.6,0,0,6559,4,11,0,685,5.6
6/15/2023 0:00,11.49,15.34,9.67,10.3,8,60,0.1,0,93.3,100,67.74,9.8,370,5.9,10.8,14.5,247,22.19,22.25,29.19,32.05,31.01,29.84,16.3,19.1,15,17.7,20.5,16.4,18.6,20.5,17.3,18.6,19.6,17.5,18.4,19,17.6,18.2,18.5,17.6,0,6573,1,3,0,225,1.7
6/14/2023 0:00,16.85,22,11.17,14.4,9,194,0.27,0,86.84,100,60.26,0,0,3.9,7.6,9.6,275,21.19,22.24,29.46,32.32,31.26,30.05,20.9,26,17.4,20.5,22.1,19.1,20.5,22,19.8,19.8,20.8,0,19.2,19.8,0,18.6,18.9,0,0,6548,1,4,0,700,3
6/13/2023 0:00,21.98,29.83,16,12.2,8.6,210,1.26,0.13,55.78,93.31,33.22,12.8,90,4.1,10.4,23,121,15.66,22.16,29.72,32.51,31.35,30.06,24.1,31.9,20.5,22.7,24.6,21.2,22,23.1,21.2,20.6,21.1,0,19.6,19.8,0,18.7,18.9,0,0,6556,6,11,1,650,6.3
6/12/2023 0:00,21.69,28.19,13.96,12.1,8.7,286,1.25,0.05,59.68,96.42,29.59,0,0,2.4,4.5,7.4,128,13.78,21.5,29.74,32.48,31.28,30,26,33.5,20.3,23.1,25.7,21,21.9,23.2,20.8,20.2,21,0,19.2,19.6,0,18.3,18.6,0,0,6551,6,11,0,725,5.7
6/11/2023 0:00,22.97,30.2,15.96,13.6,9.6,303,1.31,0.33,57.57,82.68,37.82,0,0,3.9,6.2,8.7,256,14.22,21.56,29.69,32.38,31.19,29.91,25.5,33.5,19.7,22.5,25.5,20.3,21.3,22.7,20.2,19.7,20.6,0,18.7,19.1,0,17.9,18.1,0,0,6559,6,10,2,660,6.7
6/10/2023 0:00,20.38,27.96,12.48,9.8,7.4,307,1.28,0.26,54.77,81.59,28.07,0,0,4,6.2,9.6,144,14.81,21.57,29.63,32.31,31.15,29.88,23.8,30.6,18,21.5,24.1,19.3,20.6,21.8,19.5,19.3,19.9,18.8,18.5,18.6,18.3,17.7,17.8,17.5,0,6556,6,11,2,715,6.8
6/9/2023 0:00,18.56,26.55,8.31,9.3,6.5,299,1.07,0,60.59,100,29.01,0,0,2.3,5,7.7,172,15.49,21.68,29.65,32.3,31.11,29.83,23.7,31.5,17.4,21.4,24.1,19,20.5,21.7,19.3,19,19.7,0,18,18.5,0,17.3,17.5,0,0,6559,5,11,0,745,5.4
6/8/2023 0:00,20.46,28.7,9.96,10,6.1,323,1.28,0,57.38,100,24.68,0,0,3.1,5,7.7,304,16.15,21.8,29.67,32.24,31.03,29.72,23.9,30.8,18.1,21.5,24.1,19.2,20.3,21.6,19.3,18.8,19.6,0,17.8,18.2,0,16.9,17.2,0,0,6559,6,12,0,745,6.4
6/7/2023 0:00,19.52,28.95,5.32,8.2,4.5,329,1.39,0,53.98,100,27.66,0,0,2.7,4.9,6.8,236,16.94,21.78,29.49,32.06,30.88,29.63,22.8,31.3,14.9,20.2,23.8,17.1,19.2,21.2,17.8,17.9,18.9,17.3,17.2,17.5,17,16.5,16.6,16.4,0,6548,6,12,0,700,6.2
6/6/2023 0:00,16.4,23.21,9.3,4.8,-0.3,318,1.03,0.12,52.89,91.34,21.72,0,0,4.1,8.7,12,214,17.75,21.76,29.44,32.03,30.86,29.61,21,28.3,15.2,19.3,22,16.8,18.7,20,17.5,17.8,18.4,17.2,17.1,17.4,16.8,16.5,16.6,16.3,0,6553,6,11,1,635,6.1
6/5/2023 0:00,20.85,30.08,13.53,16.1,12.4,210,0.67,0,77.93,100,34.19,0.6,55,2.7,9.1,12,259,18.57,21.96,29.54,32.07,30.83,29.55,22.2,28.1,18.3,20.2,21.8,18.5,19.3,20,18.5,17.9,18.4,17.6,17,17.3,16.8,16.2,16.5,15.9,0,6562,3,11,0,610,5
6/4/2023 0:00,20.92,27.17,16.92,17.1,15.4,248,0.56,0,81.57,100,50.98,3.6,465,2.1,4.1,7,201,19.73,23.47,29.41,31.88,30.62,29.37,22.3,28.3,0,19.5,22.3,0,18.2,20,0,17,18,0,16.2,16.8,0,15.6,15.9,0,0,6562,2,7,0,665,4.5
6/3/2023 0:00,15.95,22.71,9.59,14.7,9.5,130,0.15,0,93.74,100,63.23,5.4,395,2.4,4.3,5.7,314,15.09,21.23,29.24,31.82,30.62,29.38,19.3,23.1,16.1,18.2,19.3,16.9,17.7,18.4,17.1,16.8,17.1,16.5,16.1,16.3,16,15.6,15.6,15.5,0,6568,1,5,0,500,2.5
6/2/2023 0:00,16.73,22.61,9.75,11.5,8.9,239,0.58,0,75.05,100,42.71,0,0,4.7,7.5,10.7,266,14.72,21.23,29.2,31.76,30.63,29.43,19.7,23.9,15.2,17.9,19.8,16.2,17.3,18.5,16.6,16.4,17,0,15.9,16.2,0,15.5,15.6,0,0,6562,3,7,0,735,4.4
6/1/2023 0:00,15.71,17.84,12.43,13,11.2,112,0.27,0.08,84.74,94,71.63,1.2,0,5.7,8.4,11.7,254,14.68,21.29,29.32,31.9,30.7,29.47,18.7,20.2,17,18.3,20.3,17.6,18,19.3,17.6,17.1,17.6,16.8,16.4,16.6,16.2,15.7,15.8,15.5,0,6573,2,3,0,605,2.2
5/31/2023 0:00,18.53,29.58,6.8,10.6,6,266,1,0,66.48,100,24.28,0.2,0,3.1,7.2,10.1,262,14.8,21.29,29.2,31.71,30.54,29.31,20.8,28.6,15.2,18.8,21.4,16.6,18,19.3,17,16.9,17.5,0,16.1,16.3,0,15.4,15.6,0,0,6553,5,13,0,660,6.1
5/30/2023 0:00,17.52,24.9,11.95,11.1,8.4,239,0.72,0.01,69.83,99.07,37.41,0.6,5,3.2,8.5,11.4,314,15.02,21.38,29.32,31.84,30.65,29.39,20.1,26.6,16.5,18.6,20.7,17.1,18,19.2,17.2,16.9,17.5,16.5,16.1,16.3,15.9,15.4,15.5,15.3,0,6576,4,9,0,575,4.7
5/29/2023 0:00,18.2,27.41,9.19,7.3,1.1,272,1.16,0.02,58.35,97.81,18.74,1,15,3.6,9.8,14.5,187,15.1,21.48,29.36,31.81,30.59,29.31,21.2,27.5,15.5,19.2,21.6,17,18.2,19.3,17.1,16.8,17.5,16.4,15.9,16.2,15.7,15,15.3,14.8,0,6559,6,13,0,650,6.2
5/28/2023 0:00,19.6,29.51,11,8.7,4.6,288,1.26,0.15,55.1,88,23.03,0,0,3.9,7.8,11,219,15.45,21.48,29.26,31.68,30.47,29.2,21.3,28.1,15.6,18.8,21.5,16.5,17.6,19.1,16.5,16.2,17.1,15.8,15.2,15.7,15,14.5,14.8,14.1,0,6568,6,13,1,685,6.7
5/27/2023 0:00,17.51,25.41,6.79,8.2,4.6,304,1.02,0,59.62,100,29.26,0,0,3.3,7.1,10.4,191,16.03,21.38,29.08,31.47,30.32,29.09,19.8,26.3,13.7,17.6,20.3,15.1,16.6,18.2,15.4,15.3,16.2,14.8,14.5,15,14.3,13.9,14.1,13.6,0,6571,5,10,0,730,5.6
5/26/2023 0:00,13.96,21.49,5.43,5.8,2.9,295,0.75,0,64.21,100,29.57,0,0,2.4,4.3,8.4,212,16.56,21.25,28.88,31.28,30.19,29,18.2,25.6,12.3,16.1,19.3,13.8,15.4,17.3,14.3,14.4,15.4,0,13.9,14.3,0,13.5,13.6,0,0,6579,4,9,0,670,4.6
5/25/2023 0:00,12.39,16.76,7.36,7.1,5.3,238,0.43,0.06,72.33,94.51,50.73,0,0,4.2,6.1,8.9,239,16.9,21.21,28.82,31.26,30.16,29,16.6,21.6,13.1,15.6,17.2,14.1,15.3,16,14.5,14.5,14.8,14.1,14,14.2,13.8,13.6,13.6,13.5,0,6579,3,5,0,695,3.4
5/24/2023 0:00,13.91,19.3,10.16,9.2,6.5,159,0.43,0.05,75.34,95.38,43.94,0,0,3.2,6.7,9.5,228,17.42,21.21,28.81,31.25,30.14,28.98,16.9,21.6,13.6,15.8,17.3,14.5,15.5,16.6,14.8,14.7,15.3,14.3,14.2,14.4,14,13.6,13.8,13.5,0,6573,3,7,0,640,3.3
5/23/2023 0:00,21.08,25.08,12.74,3.6,-1.8,420,1.72,0.29,37.26,80.16,17.07,0,0,6.7,9.5,13.4,114,18.41,21.29,28.83,31.18,30.01,28.85,20.1,21.5,16.8,17.3,18,16,16.1,16.6,15.6,14.9,15.2,14.8,14.2,14.3,14.1,13.6,13.6,13.6,0,6571,9,13,2,389,
,,,,,,,,,,,,216.8,,,,,,,,,,,,,,,,,,,,,,,,,,,,,,,,,,,,
